<?xml version="1.0" encoding="UTF-8"?>
<!DOCTYPE mapper
PUBLIC "-//mybatis.org//DTD Mapper 3.0//EN"
"http://mybatis.org/dtd/mybatis-3-mapper.dtd">
<mapper namespace="Member">
<insert id="m_join">
<!-- 1은 가입회원 2는 탈퇴회원 -->
insert into member (id,pw,name,email,email_domain,gender,birth,mem_phone1,mem_phone2,mem_phone3,zipNo,roadAddrPart1,roadAddrPart2,addrDetail,regdate,state) values(#{id},#{pw},#{name},#{email},#{email_domain},#{gender},#{birth},#{mem_phone1},#{mem_phone2},#{mem_phone3},#{zipNo},#{roadAddrPart1},#{roadAddrPart1},#{addrDetail},sysdate,1)
</insert>
<select id="getMember" parameterType="String" resultType="m">
select * from member where id=#{id}
</select>

<select id="getOverDue" resultType="String">
select overdue from member where id=#{id}
</select>
<update id="setOverDue" parameterType="java.util.Map">
update member set overdue=sysdate+#{days} where id=#{id}
</update>

<!-- 아이디 중복검색 -->
  <select id="m_check" parameterType="String" resultType="m">
   <!--  parameterType은 전달인자 타입, resultType은 반환타입이다. -->
   select * from member where id=#{id}
  </select>
  
<!-- 회원저장 -->
<insert id="m_in" parameterType="m" >
<!-- 1은 가입회원 2는 탈퇴회원 -->
insert into member (id,pw,name,gender,birth,zipNo,roadAddrPart1,roadAddrPart2,addrDetail,mem_phone1,mem_phone2,mem_phone3,email,email_domain,regdate,state) 
values(#{id},#{pw},#{name},#{gender},#{birth},#{zipNo},#{roadAddrPart1},#{roadAddrPart2},#{addrDetail},#{mem_phone1},#{mem_phone2},#{mem_phone3},#{email},#{email_domain},sysdate,1)
</insert>


<!--  비번찾기 회원정보 검색 -->
  <select id="p_find" parameterType="m" resultType="m">
    select * from member where id=#{id} and name=#{name} and email=#{email} and email_domain=#{email_domain}
  </select>


<!-- 아이디찾기 회원정보 검색 -->
<select id="i_find"  parameterType="m" resultType="m">
 select * from member where name=#{name} and email=#{email} 
</select>


 <update id="p_edit" parameterType="m">
    update member set pw=#{pw} where id=#{id}
  </update>
  
  
 <!-- 로그인 인증 -->
  <select id="login_ck" parameterType="java.lang.String" resultType="m">
  <!-- parameterType속성은 생략가능하다. java.lang도 생략가능. -->
    select * from member where id=#{login_id} and state=1
    <!-- 가입회원 1인 경우만 로그인 되고,탈퇴 회원 2는 로그인 못함. -->
  </select>
  
  
<!-- 정보수정 -->
  <update id="edit_ok"  >
  update member set name=#{name}, email=#{email},email_domain=#{email_domain},zipNo=#{zipNo},roadAddrPart1=#{roadAddrPart1},roadAddrPart2=#{roadAddrPart2},addrDetail=#{addrDetail}  where id=#{id}
  </update>



<!-- 회원탈퇴 -->
  <update id="m_del">
   update member set delcont=#{delcont}, state=2 , deldate=sysdate
   where id=#{id}
   <!-- mem_state=2는 가입회원일때는 1,탈퇴회원이면 2 -->
  </update>
</mapper>