<?xml version="1.0" encoding="UTF-8"?>

<!DOCTYPE mapper
  PUBLIC "-//mybatis.org//DTD Mapper 3.0//EN"
  "http://mybatis.org/dtd/mybatis-3-mapper.dtd">
  
  <mapper namespace="Gongji">
  
  
  
   <!-- 검색 전후 레코드 개수 -->
   <select id="g_count" resultType="int">
     select count(gongji_no) from gongji
     <where>
     <if test="find_field == ''">
      <!-- 검색조건이 없어서 총레코드 개수 -->
     </if>
     <if test="find_field == 'gongji_title'">
      <!-- 검색 조건이 제목인 경우 -->
      gongji_title like #{find_name} <!-- like는 오라클 검색
      연산자 -->
     </if>
     <if test="find_field == 'gongji_cont'">
      gongji_cont like #{find_name}
     </if>
     </where>
   </select> 
   
  <!-- 검색전후 공지목록 -->
  <select id="g_list" resultType="gongji">
    select * from 
     (select rowNum rNum,gongji_no,gongji_name,gongji_title,
     gongji_hit,gongji_date
     from (select * from gongji     
     <where>
     <if test="find_field == ''">
      <!-- 검색조건이 없어서 총레코드 개수 -->
     </if>
     <if test="find_field == 'gongji_title'">
      <!-- 검색 조건이 제목인 경우 -->
      gongji_title like #{find_name} <!-- like는 오라클 검색
      연산자 -->
     </if>
     <if test="find_field == 'gongji_cont'">
      gongji_cont like #{find_name}
     </if>
     </where>     
      order by gongji_no desc)) 
     where rNum &gt;= #{startrow} and rNum &lt;= #{endrow}
   <!-- &gt;은 ~보다 크다(>), &lt;은 ~보다 작다(<) -->  
  </select> 
  
  
 
   
   <!-- 공지 조회수 증가 -->
   <update id="g_hit">
    update gongji set gongji_hit=gongji_hit+1 
    where gongji_no=#{gongji_no}
   </update>
   
   <!-- 공지내용보기 -->
   <select id="g_cont" resultType="gongji">
    select * from gongji where gongji_no=#{gongji_no}
   </select>
  </mapper>
  
  
  
  
  
  
  
  
  
  
  
  
  
  
  
  
  
  
  